{
    "profileName": "Du",
    "id": 2,
    "health": 300,
    "currentHealth": 60.0,
    "healCharges": 20,
    "stamina": 150,
    "inventory": [],
    "lastLocation": {
        "x": 1.368077039718628,
        "y": 8.958772659301758,
        "z": 0.0
    }
}