{
    "profileName": "gY",
    "id": 1,
    "health": 500,
    "currentHealth": 235.0,
    "healCharges": 20,
    "stamina": 80,
    "inventory": [],
    "lastLocation": {
        "x": 6.13412618637085,
        "y": 4.165046215057373,
        "z": 0.0
    }
}